video_id,channel_id,published_date,video_title,video_description,likes,views,comment_count
JMwfg3RzXZQ,UCdnBdcPkmvEU_JK3_SFDxtw,2024-04-27T11:00:27Z,Team Huy·ªÅn Tho·∫°i || Th·ª≠ Th√°ch ƒêu C√¢y Chu·ªëi B√¥i D·∫ßu Tr∆°n - Gi·∫£i Th∆∞·ªùng C·ª±c Kh·ªßng.,"‚ñ∫ Mua √Åo C·ªßa Team Ch√¢u Phi : https://shopee.vn/quanglinhstore
‚ñ∫ Mua N∆∞·ªõc Hoa T·∫°i: https://www.facebook.com/quanglinhstore
Li√™n H·ªá ƒê√≥ng G√≥p √ù Ki·∫øn Cho Nh√≥m
‚ñ∫ Zalo Angola : +244 949028888 ( Ph·∫°m Quang Linh )
‚ñ∫ Zalo Vi·ªát Nam : +84 986881994 ( Tr·∫ßn Ch√≠ T√¢m )
‚ñ∫ Mail: pqlmmo@gmail.com
‚ñ∫ FanPage Ch√≠nh Ch·ªß: https://www.facebook.com/QuangLinhVlogss
‚ñ∫ FaceBook C√° Nh√¢n : https://www.facebook.com/PhamQuangLinh1997Vlogs

‚ñ∫ C·∫£m ∆°n c√°c b·∫°n ƒë√£ xem clip c·ªßa t√¥i. H√£y nh·∫•n ƒëƒÉng k√Ω ƒë·ªÉ ·ªßng h·ªô m√¨nh nh√© !
‚ñ∫ K√™nh h·ª©a h·∫πn s·∫Ω t·∫°o ra nh·ªØng Video hay nh·∫•t cho c√°c b·∫°n xem !
C·∫£m ∆°n c√°c b·∫°n ƒë√£ xem. T√¥i y√™u c√°c b·∫°n r·∫•t nhi·ªÅu !
#TeamCh√¢uphi  #quanglinhvlogs #lindo

‚ú™ Copyright ¬© #Quanglinhvlogs",26335,697620,1274
jqzO-srikcs,UCdnBdcPkmvEU_JK3_SFDxtw,2024-06-24T11:00:45Z,"ƒêi ""ThƒÉng B·∫±ng"" Tr√™n Th√πng Phi??? Ai L√† Ng∆∞·ªùi C√≥ "" C√∫ Ng√£ "" ƒê·∫πp Nh·∫•t || Team Huy·ªÅn Tho·∫°i.","‚ñ∫ Mua √Åo C·ªßa Team Ch√¢u Phi : https://shopee.vn/quanglinhstore
‚ñ∫ Mua N∆∞·ªõc Hoa T·∫°i: https://www.facebook.com/quanglinhstore
Li√™n H·ªá ƒê√≥ng G√≥p √ù Ki·∫øn Cho Nh√≥m
‚ñ∫ Zalo Angola : +244 949028888 ( Ph·∫°m Quang Linh )
‚ñ∫ Zalo Vi·ªát Nam : +84 986881994 ( Tr·∫ßn Ch√≠ T√¢m )
‚ñ∫ Mail: pqlmmo@gmail.com
‚ñ∫ FanPage Ch√≠nh Ch·ªß: https://www.facebook.com/QuangLinhVlogss
‚ñ∫ FaceBook C√° Nh√¢n : https://www.facebook.com/PhamQuangLinh1997Vlogs

‚ñ∫ C·∫£m ∆°n c√°c b·∫°n ƒë√£ xem clip c·ªßa t√¥i. H√£y nh·∫•n ƒëƒÉng k√Ω ƒë·ªÉ ·ªßng h·ªô m√¨nh nh√© !
‚ñ∫ K√™nh h·ª©a h·∫πn s·∫Ω t·∫°o ra nh·ªØng Video hay nh·∫•t cho c√°c b·∫°n xem !
C·∫£m ∆°n c√°c b·∫°n ƒë√£ xem. T√¥i y√™u c√°c b·∫°n r·∫•t nhi·ªÅu !
#TeamCh√¢uphi  #quanglinhvlogs #lindo

‚ú™ Copyright ¬© #Quanglinhvlogs",10537,149992,496
Anq36w5xCRo,UCdnBdcPkmvEU_JK3_SFDxtw,2024-04-30T11:00:07Z,Team Huy·ªÅn Tho·∫°i || Th·ª≠ Th√°ch ƒê·∫°p Xe Qua C·∫ßu Kh·ªâ - Gi·∫£i Th∆∞·ªüng Kh·ªßng.,"‚ñ∫ Mua √Åo C·ªßa Team Ch√¢u Phi : https://shopee.vn/quanglinhstore
‚ñ∫ Mua N∆∞·ªõc Hoa T·∫°i: https://www.facebook.com/quanglinhstore
Li√™n H·ªá ƒê√≥ng G√≥p √ù Ki·∫øn Cho Nh√≥m
‚ñ∫ Zalo Angola : +244 949028888 ( Ph·∫°m Quang Linh )
‚ñ∫ Zalo Vi·ªát Nam : +84 986881994 ( Tr·∫ßn Ch√≠ T√¢m )
‚ñ∫ Mail: pqlmmo@gmail.com
‚ñ∫ FanPage Ch√≠nh Ch·ªß: https://www.facebook.com/QuangLinhVlogss
‚ñ∫ FaceBook C√° Nh√¢n : https://www.facebook.com/PhamQuangLinh1997Vlogs

‚ñ∫ C·∫£m ∆°n c√°c b·∫°n ƒë√£ xem clip c·ªßa t√¥i. H√£y nh·∫•n ƒëƒÉng k√Ω ƒë·ªÉ ·ªßng h·ªô m√¨nh nh√© !
‚ñ∫ K√™nh h·ª©a h·∫πn s·∫Ω t·∫°o ra nh·ªØng Video hay nh·∫•t cho c√°c b·∫°n xem !
C·∫£m ∆°n c√°c b·∫°n ƒë√£ xem. T√¥i y√™u c√°c b·∫°n r·∫•t nhi·ªÅu !
#TeamCh√¢uphi  #quanglinhvlogs #lindo

‚ú™ Copyright ¬© #Quanglinhvlogs",28082,617965,1614
CNrT7dCWoZk,UCdnBdcPkmvEU_JK3_SFDxtw,2024-05-19T11:00:09Z,"Team Huy·ªÅn Tho·∫°i || Thi B·∫±ng L√°i Xe ƒê·∫°p Qua V√≤ng S·ªë 8, ƒê·ªôi Ch·∫≠u N∆∞·ªõc Tr√™n ƒê·∫ßu - Ai S·∫Ω ƒê·∫°t Lo·∫°i Gi·ªèi?","‚ñ∫ Mua √Åo C·ªßa Team Ch√¢u Phi : https://shopee.vn/quanglinhstore
‚ñ∫ Mua N∆∞·ªõc Hoa T·∫°i: https://www.facebook.com/quanglinhstore
Li√™n H·ªá ƒê√≥ng G√≥p √ù Ki·∫øn Cho Nh√≥m
‚ñ∫ Zalo Angola : +244 949028888 ( Ph·∫°m Quang Linh )
‚ñ∫ Zalo Vi·ªát Nam : +84 986881994 ( Tr·∫ßn Ch√≠ T√¢m )
‚ñ∫ Mail: pqlmmo@gmail.com
‚ñ∫ FanPage Ch√≠nh Ch·ªß: https://www.facebook.com/QuangLinhVlogss
‚ñ∫ FaceBook C√° Nh√¢n : https://www.facebook.com/PhamQuangLinh1997Vlogs

‚ñ∫ C·∫£m ∆°n c√°c b·∫°n ƒë√£ xem clip c·ªßa t√¥i. H√£y nh·∫•n ƒëƒÉng k√Ω ƒë·ªÉ ·ªßng h·ªô m√¨nh nh√© !
‚ñ∫ K√™nh h·ª©a h·∫πn s·∫Ω t·∫°o ra nh·ªØng Video hay nh·∫•t cho c√°c b·∫°n xem !
C·∫£m ∆°n c√°c b·∫°n ƒë√£ xem. T√¥i y√™u c√°c b·∫°n r·∫•t nhi·ªÅu !
#TeamCh√¢uphi  #quanglinhvlogs #lindo

‚ú™ Copyright ¬© #Quanglinhvlogs",12323,168073,437
kBVonIkqqBQ,UCdnBdcPkmvEU_JK3_SFDxtw,2024-04-26T11:00:42Z,"Team Huy·ªÅn Tho·∫°i || Tr√≤ Ch∆°i Tu·ªïi Th∆° "" Phi Ti√™u B√¥i Nh·ªç N·ªìi "" C·ªßa Vi·ªát Nam Nay ƒê√£ ƒê·∫øn Ch√¢u Phi","‚ñ∫ Mua √Åo C·ªßa Team Ch√¢u Phi : https://shopee.vn/quanglinhstore
‚ñ∫ Mua N∆∞·ªõc Hoa T·∫°i: https://www.facebook.com/quanglinhstore
Li√™n H·ªá ƒê√≥ng G√≥p √ù Ki·∫øn Cho Nh√≥m
‚ñ∫ Zalo Angola : +244 949028888 ( Ph·∫°m Quang Linh )
‚ñ∫ Zalo Vi·ªát Nam : +84 986881994 ( Tr·∫ßn Ch√≠ T√¢m )
‚ñ∫ Mail: pqlmmo@gmail.com
‚ñ∫ FanPage Ch√≠nh Ch·ªß: https://www.facebook.com/QuangLinhVlogss
‚ñ∫ FaceBook C√° Nh√¢n : https://www.facebook.com/PhamQuangLinh1997Vlogs

‚ñ∫ C·∫£m ∆°n c√°c b·∫°n ƒë√£ xem clip c·ªßa t√¥i. H√£y nh·∫•n ƒëƒÉng k√Ω ƒë·ªÉ ·ªßng h·ªô m√¨nh nh√© !
‚ñ∫ K√™nh h·ª©a h·∫πn s·∫Ω t·∫°o ra nh·ªØng Video hay nh·∫•t cho c√°c b·∫°n xem !
C·∫£m ∆°n c√°c b·∫°n ƒë√£ xem. T√¥i y√™u c√°c b·∫°n r·∫•t nhi·ªÅu !
#TeamCh√¢uphi  #quanglinhvlogs #lindo

‚ú™ Copyright ¬© #Quanglinhvlogs",12836,180973,591
CH1vLRyacik,UCdnBdcPkmvEU_JK3_SFDxtw,2024-05-03T11:00:10Z,Team Huy·ªÅn Tho·∫°i || Th·ª≠ Th√°ch V∆∞·ª£t C·∫ßu Tr∆∞·ª£t B√πn ƒê·∫≠p Bong B√≥ng - Ai N·∫•y ƒê·ªÅu L·∫•m Lem B√πn ü§£,"‚ñ∫ Mua √Åo C·ªßa Team Ch√¢u Phi : https://shopee.vn/quanglinhstore
‚ñ∫ Mua N∆∞·ªõc Hoa T·∫°i: https://www.facebook.com/quanglinhstore
Li√™n H·ªá ƒê√≥ng G√≥p √ù Ki·∫øn Cho Nh√≥m
‚ñ∫ Zalo Angola : +244 949028888 ( Ph·∫°m Quang Linh )
‚ñ∫ Zalo Vi·ªát Nam : +84 986881994 ( Tr·∫ßn Ch√≠ T√¢m )
‚ñ∫ Mail: pqlmmo@gmail.com
‚ñ∫ FanPage Ch√≠nh Ch·ªß: https://www.facebook.com/QuangLinhVlogss
‚ñ∫ FaceBook C√° Nh√¢n : https://www.facebook.com/PhamQuangLinh1997Vlogs

‚ñ∫ C·∫£m ∆°n c√°c b·∫°n ƒë√£ xem clip c·ªßa t√¥i. H√£y nh·∫•n ƒëƒÉng k√Ω ƒë·ªÉ ·ªßng h·ªô m√¨nh nh√© !
‚ñ∫ K√™nh h·ª©a h·∫πn s·∫Ω t·∫°o ra nh·ªØng Video hay nh·∫•t cho c√°c b·∫°n xem !
C·∫£m ∆°n c√°c b·∫°n ƒë√£ xem. T√¥i y√™u c√°c b·∫°n r·∫•t nhi·ªÅu !
#TeamCh√¢uphi  #quanglinhvlogs #lindo

‚ú™ Copyright ¬© #Quanglinhvlogs",16000,257253,1344
oXfyFJ0HhT4,UCdnBdcPkmvEU_JK3_SFDxtw,2024-05-30T11:00:43Z,"Team Huy·ªÅn Tho·∫°i || Th·ª≠ Th√°ch Kh√≥ Nh·∫±n "" K√©o Co D√†nh C·ªß ƒê·∫≠u "" -ƒê·ªôi N√†o S·∫Ω D√†nh L·∫•y Nhi·ªÅu C·ªß ƒê·∫≠u Nh·∫•t","‚ñ∫ Mua √Åo C·ªßa Team Ch√¢u Phi : https://shopee.vn/quanglinhstore
‚ñ∫ Mua N∆∞·ªõc Hoa T·∫°i: https://www.facebook.com/quanglinhstore
Li√™n H·ªá ƒê√≥ng G√≥p √ù Ki·∫øn Cho Nh√≥m
‚ñ∫ Zalo Angola : +244 949028888 ( Ph·∫°m Quang Linh )
‚ñ∫ Zalo Vi·ªát Nam : +84 986881994 ( Tr·∫ßn Ch√≠ T√¢m )
‚ñ∫ Mail: pqlmmo@gmail.com
‚ñ∫ FanPage Ch√≠nh Ch·ªß: https://www.facebook.com/QuangLinhVlogss
‚ñ∫ FaceBook C√° Nh√¢n : https://www.facebook.com/PhamQuangLinh1997Vlogs

‚ñ∫ C·∫£m ∆°n c√°c b·∫°n ƒë√£ xem clip c·ªßa t√¥i. H√£y nh·∫•n ƒëƒÉng k√Ω ƒë·ªÉ ·ªßng h·ªô m√¨nh nh√© !
‚ñ∫ K√™nh h·ª©a h·∫πn s·∫Ω t·∫°o ra nh·ªØng Video hay nh·∫•t cho c√°c b·∫°n xem !
C·∫£m ∆°n c√°c b·∫°n ƒë√£ xem. T√¥i y√™u c√°c b·∫°n r·∫•t nhi·ªÅu !
#TeamCh√¢uphi  #quanglinhvlogs #lindo

‚ú™ Copyright ¬© #Quanglinhvlogs",13474,182158,769
oZhf7QxptYc,UCdnBdcPkmvEU_JK3_SFDxtw,2024-04-12T11:00:40Z,Team Huy·ªÅn Tho·∫°i || Th·ª≠ Th√°ch Tr·ªën T√¨m ·ªü Farm - Nhi·ªÅu G√≥c Quay H·∫•p D·∫´n - Ngh·∫πt Th·ªü ƒê·∫øn Ph√∫t Cu·ªëi ?,"‚ñ∫ Mua √Åo C·ªßa Team Ch√¢u Phi : https://shopee.vn/quanglinhstore
‚ñ∫ Mua N∆∞·ªõc Hoa T·∫°i: https://www.facebook.com/quanglinhstore
Li√™n H·ªá ƒê√≥ng G√≥p √ù Ki·∫øn Cho Nh√≥m
‚ñ∫ Zalo Angola : +244 949028888 ( Ph·∫°m Quang Linh )
‚ñ∫ Zalo Vi·ªát Nam : +84 986881994 ( Tr·∫ßn Ch√≠ T√¢m )
‚ñ∫ Mail: pqlmmo@gmail.com
‚ñ∫ FanPage Ch√≠nh Ch·ªß: https://www.facebook.com/QuangLinhVlogss
‚ñ∫ FaceBook C√° Nh√¢n : https://www.facebook.com/PhamQuangLinh1997Vlogs

‚ñ∫ C·∫£m ∆°n c√°c b·∫°n ƒë√£ xem clip c·ªßa t√¥i. H√£y nh·∫•n ƒëƒÉng k√Ω ƒë·ªÉ ·ªßng h·ªô m√¨nh nh√© !
‚ñ∫ K√™nh h·ª©a h·∫πn s·∫Ω t·∫°o ra nh·ªØng Video hay nh·∫•t cho c√°c b·∫°n xem !
C·∫£m ∆°n c√°c b·∫°n ƒë√£ xem. T√¥i y√™u c√°c b·∫°n r·∫•t nhi·ªÅu !
#TeamCh√¢uphi  #quanglinhvlogs #lindo

‚ú™ Copyright ¬© #Quanglinhvlogs",34705,819464,2949
YEKnHgW5D8c,UCdnBdcPkmvEU_JK3_SFDxtw,2024-05-18T11:00:25Z,"Team Huy·ªÅn Tho·∫°i || Th·ª≠ Th√°ch L√†m Tarzan, ƒêu D√¢y Qua H·ªë S√¢u V√† C√°i K·∫øt ??ü§£ü§£","‚ñ∫ Mua √Åo C·ªßa Team Ch√¢u Phi : https://shopee.vn/quanglinhstore
‚ñ∫ Mua N∆∞·ªõc Hoa T·∫°i: https://www.facebook.com/quanglinhstore
Li√™n H·ªá ƒê√≥ng G√≥p √ù Ki·∫øn Cho Nh√≥m
‚ñ∫ Zalo Angola : +244 949028888 ( Ph·∫°m Quang Linh )
‚ñ∫ Zalo Vi·ªát Nam : +84 986881994 ( Tr·∫ßn Ch√≠ T√¢m )
‚ñ∫ Mail: pqlmmo@gmail.com
‚ñ∫ FanPage Ch√≠nh Ch·ªß: https://www.facebook.com/QuangLinhVlogss
‚ñ∫ FaceBook C√° Nh√¢n : https://www.facebook.com/PhamQuangLinh1997Vlogs

‚ñ∫ C·∫£m ∆°n c√°c b·∫°n ƒë√£ xem clip c·ªßa t√¥i. H√£y nh·∫•n ƒëƒÉng k√Ω ƒë·ªÉ ·ªßng h·ªô m√¨nh nh√© !
‚ñ∫ K√™nh h·ª©a h·∫πn s·∫Ω t·∫°o ra nh·ªØng Video hay nh·∫•t cho c√°c b·∫°n xem !
C·∫£m ∆°n c√°c b·∫°n ƒë√£ xem. T√¥i y√™u c√°c b·∫°n r·∫•t nhi·ªÅu !
#TeamCh√¢uphi  #quanglinhvlogs #lindo

‚ú™ Copyright ¬© #Quanglinhvlogs",14667,206692,640
7gnu4jFAzFE,UCdnBdcPkmvEU_JK3_SFDxtw,2024-04-10T11:00:10Z,Team Huy·ªÅn Tho·∫°i | Quang Linh Tham Gia Th·ª≠ Th√°ch v√† C√°i K·∫øt C≈©ng Kh√¥ng K√©m - Thi√™n T√†i ƒêu D√¢y Qua Ao,"‚ñ∫ Mua √Åo C·ªßa Team Ch√¢u Phi : https://shopee.vn/quanglinhstore
‚ñ∫ Mua N∆∞·ªõc Hoa T·∫°i: https://www.facebook.com/quanglinhstore
Li√™n H·ªá ƒê√≥ng G√≥p √ù Ki·∫øn Cho Nh√≥m
‚ñ∫ Zalo Angola : +244 949028888 ( Ph·∫°m Quang Linh )
‚ñ∫ Zalo Vi·ªát Nam : +84 986881994 ( Tr·∫ßn Ch√≠ T√¢m )
‚ñ∫ Mail: pqlmmo@gmail.com
‚ñ∫ FanPage Ch√≠nh Ch·ªß: https://www.facebook.com/QuangLinhVlogss
‚ñ∫ FaceBook C√° Nh√¢n : https://www.facebook.com/PhamQuangLinh1997Vlogs

‚ñ∫ C·∫£m ∆°n c√°c b·∫°n ƒë√£ xem clip c·ªßa t√¥i. H√£y nh·∫•n ƒëƒÉng k√Ω ƒë·ªÉ ·ªßng h·ªô m√¨nh nh√© !
‚ñ∫ K√™nh h·ª©a h·∫πn s·∫Ω t·∫°o ra nh·ªØng Video hay nh·∫•t cho c√°c b·∫°n xem !
C·∫£m ∆°n c√°c b·∫°n ƒë√£ xem. T√¥i y√™u c√°c b·∫°n r·∫•t nhi·ªÅu !
#TeamCh√¢uphi  #quanglinhvlogs #lindo

‚ú™ Copyright ¬© #Quanglinhvlogs",32074,521656,2242
MUM6KqU1zVs,UCdnBdcPkmvEU_JK3_SFDxtw,2024-05-26T11:00:23Z,Team Huy·ªÅn Tho·∫°i || Gay C·∫•n ƒê·∫øn Ph√∫t Cu·ªëi C√πng V·ªõi Tr√≤ Ch∆°i B·ªãt M·∫Øt Nh·∫£y H·ªë N∆∞·ªõcü§£ü§£ü§£,"‚ñ∫ Mua √Åo C·ªßa Team Ch√¢u Phi : https://shopee.vn/quanglinhstore
‚ñ∫ Mua N∆∞·ªõc Hoa T·∫°i: https://www.facebook.com/quanglinhstore
Li√™n H·ªá ƒê√≥ng G√≥p √ù Ki·∫øn Cho Nh√≥m
‚ñ∫ Zalo Angola : +244 949028888 ( Ph·∫°m Quang Linh )
‚ñ∫ Zalo Vi·ªát Nam : +84 986881994 ( Tr·∫ßn Ch√≠ T√¢m )
‚ñ∫ Mail: pqlmmo@gmail.com
‚ñ∫ FanPage Ch√≠nh Ch·ªß: https://www.facebook.com/QuangLinhVlogss
‚ñ∫ FaceBook C√° Nh√¢n : https://www.facebook.com/PhamQuangLinh1997Vlogs

‚ñ∫ C·∫£m ∆°n c√°c b·∫°n ƒë√£ xem clip c·ªßa t√¥i. H√£y nh·∫•n ƒëƒÉng k√Ω ƒë·ªÉ ·ªßng h·ªô m√¨nh nh√© !
‚ñ∫ K√™nh h·ª©a h·∫πn s·∫Ω t·∫°o ra nh·ªØng Video hay nh·∫•t cho c√°c b·∫°n xem !
C·∫£m ∆°n c√°c b·∫°n ƒë√£ xem. T√¥i y√™u c√°c b·∫°n r·∫•t nhi·ªÅu !
#TeamCh√¢uphi  #quanglinhvlogs #lindo

‚ú™ Copyright ¬© #Quanglinhvlogs",12588,186122,595
N5E2s0oZU2M,UCdnBdcPkmvEU_JK3_SFDxtw,2024-04-09T11:00:07Z,Th·ª≠ Th√°ch ƒêo√°n C√°c Lo·∫°i N∆∞·ªõc Gi·∫•u K√≠n v√† H√¨nh Ph·∫°t Kh·∫Øc Nghi·ªát - Ai L√† K·∫ª Chi·∫øn Th·∫Øng,"‚ñ∫ Mua √Åo C·ªßa Team Ch√¢u Phi : https://shopee.vn/quanglinhstore
‚ñ∫ Mua N∆∞·ªõc Hoa T·∫°i: https://www.facebook.com/quanglinhstore
Li√™n H·ªá ƒê√≥ng G√≥p √ù Ki·∫øn Cho Nh√≥m
‚ñ∫ Zalo Angola : +244 949028888 ( Ph·∫°m Quang Linh )
‚ñ∫ Zalo Vi·ªát Nam : +84 986881994 ( Tr·∫ßn Ch√≠ T√¢m )
‚ñ∫ Mail: pqlmmo@gmail.com
‚ñ∫ FanPage Ch√≠nh Ch·ªß: https://www.facebook.com/QuangLinhVlogss
‚ñ∫ FaceBook C√° Nh√¢n : https://www.facebook.com/PhamQuangLinh1997Vlogs

‚ñ∫ C·∫£m ∆°n c√°c b·∫°n ƒë√£ xem clip c·ªßa t√¥i. H√£y nh·∫•n ƒëƒÉng k√Ω ƒë·ªÉ ·ªßng h·ªô m√¨nh nh√© !
‚ñ∫ K√™nh h·ª©a h·∫πn s·∫Ω t·∫°o ra nh·ªØng Video hay nh·∫•t cho c√°c b·∫°n xem !
C·∫£m ∆°n c√°c b·∫°n ƒë√£ xem. T√¥i y√™u c√°c b·∫°n r·∫•t nhi·ªÅu !
#TeamCh√¢uphi  #quanglinhvlogs #lindo

‚ú™ Copyright ¬© #Quanglinhvlogs",27859,598904,1371
wK9CarB3Mvc,UCdnBdcPkmvEU_JK3_SFDxtw,2024-04-05T11:00:53Z,Team Huy·ªÅn Tho·∫°i || C√°c Anh Trong Team ·ªü L·∫°i Ph·∫£i L√†m G√¨ Trong 3 Th√°ng Khi Quang Linh V·ªÅ Vi·ªát Nam ?,"‚ñ∫ Mua √Åo C·ªßa Team Ch√¢u Phi : https://shopee.vn/quanglinhstore
‚ñ∫ Mua N∆∞·ªõc Hoa T·∫°i: https://www.facebook.com/quanglinhstore
Li√™n H·ªá ƒê√≥ng G√≥p √ù Ki·∫øn Cho Nh√≥m
‚ñ∫ Zalo Angola : +244 949028888 ( Ph·∫°m Quang Linh )
‚ñ∫ Zalo Vi·ªát Nam : +84 986881994 ( Tr·∫ßn Ch√≠ T√¢m )
‚ñ∫ Mail: pqlmmo@gmail.com
‚ñ∫ FanPage Ch√≠nh Ch·ªß: https://www.facebook.com/QuangLinhVlogss
‚ñ∫ FaceBook C√° Nh√¢n : https://www.facebook.com/PhamQuangLinh1997Vlogs

‚ñ∫ C·∫£m ∆°n c√°c b·∫°n ƒë√£ xem clip c·ªßa t√¥i. H√£y nh·∫•n ƒëƒÉng k√Ω ƒë·ªÉ ·ªßng h·ªô m√¨nh nh√© !
‚ñ∫ K√™nh h·ª©a h·∫πn s·∫Ω t·∫°o ra nh·ªØng Video hay nh·∫•t cho c√°c b·∫°n xem !
C·∫£m ∆°n c√°c b·∫°n ƒë√£ xem. T√¥i y√™u c√°c b·∫°n r·∫•t nhi·ªÅu !
#TeamCh√¢uphi  #quanglinhvlogs #lindo

‚ú™ Copyright ¬© #Quanglinhvlogs",22509,254958,1723
5T5PTcDa5qY,UCdnBdcPkmvEU_JK3_SFDxtw,2024-04-16T11:00:06Z,Team Huy·ªÅn Tho·∫°i || CƒÉng Th·∫≥ng ƒê·∫øn Ph√∫t Cu·ªëi C√πng V·ªõi Tr√≤ Ch∆°i B·∫Øt G·∫≠y C·ªßa ·∫§n ƒê·ªô.,"‚ñ∫ Mua √Åo C·ªßa Team Ch√¢u Phi : https://shopee.vn/quanglinhstore
‚ñ∫ Mua N∆∞·ªõc Hoa T·∫°i: https://www.facebook.com/quanglinhstore
Li√™n H·ªá ƒê√≥ng G√≥p √ù Ki·∫øn Cho Nh√≥m
‚ñ∫ Zalo Angola : +244 949028888 ( Ph·∫°m Quang Linh )
‚ñ∫ Zalo Vi·ªát Nam : +84 986881994 ( Tr·∫ßn Ch√≠ T√¢m )
‚ñ∫ Mail: pqlmmo@gmail.com
‚ñ∫ FanPage Ch√≠nh Ch·ªß: https://www.facebook.com/QuangLinhVlogss
‚ñ∫ FaceBook C√° Nh√¢n : https://www.facebook.com/PhamQuangLinh1997Vlogs

‚ñ∫ C·∫£m ∆°n c√°c b·∫°n ƒë√£ xem clip c·ªßa t√¥i. H√£y nh·∫•n ƒëƒÉng k√Ω ƒë·ªÉ ·ªßng h·ªô m√¨nh nh√© !
‚ñ∫ K√™nh h·ª©a h·∫πn s·∫Ω t·∫°o ra nh·ªØng Video hay nh·∫•t cho c√°c b·∫°n xem !
C·∫£m ∆°n c√°c b·∫°n ƒë√£ xem. T√¥i y√™u c√°c b·∫°n r·∫•t nhi·ªÅu !
#TeamCh√¢uphi  #quanglinhvlogs #lindo

‚ú™ Copyright ¬© #Quanglinhvlogs",19159,258487,982
V7N3qxiFSu8,UCdnBdcPkmvEU_JK3_SFDxtw,2024-05-01T11:00:23Z,Team Huy·ªÅn Tho·∫°i || C∆∞·ªùi S·∫£ng V·ªõi Tr·∫≠n Chi·∫øn ƒêi C·∫ßu Kh·ªâ - Tr√≤ Ch∆°i D√¢n Gian Vi·ªát Nam,"‚ñ∫ Mua √Åo C·ªßa Team Ch√¢u Phi : https://shopee.vn/quanglinhstore
‚ñ∫ Mua N∆∞·ªõc Hoa T·∫°i: https://www.facebook.com/quanglinhstore
Li√™n H·ªá ƒê√≥ng G√≥p √ù Ki·∫øn Cho Nh√≥m
‚ñ∫ Zalo Angola : +244 949028888 ( Ph·∫°m Quang Linh )
‚ñ∫ Zalo Vi·ªát Nam : +84 986881994 ( Tr·∫ßn Ch√≠ T√¢m )
‚ñ∫ Mail: pqlmmo@gmail.com
‚ñ∫ FanPage Ch√≠nh Ch·ªß: https://www.facebook.com/QuangLinhVlogss
‚ñ∫ FaceBook C√° Nh√¢n : https://www.facebook.com/PhamQuangLinh1997Vlogs

‚ñ∫ C·∫£m ∆°n c√°c b·∫°n ƒë√£ xem clip c·ªßa t√¥i. H√£y nh·∫•n ƒëƒÉng k√Ω ƒë·ªÉ ·ªßng h·ªô m√¨nh nh√© !
‚ñ∫ K√™nh h·ª©a h·∫πn s·∫Ω t·∫°o ra nh·ªØng Video hay nh·∫•t cho c√°c b·∫°n xem !
C·∫£m ∆°n c√°c b·∫°n ƒë√£ xem. T√¥i y√™u c√°c b·∫°n r·∫•t nhi·ªÅu !
#TeamCh√¢uphi  #quanglinhvlogs #lindo

‚ú™ Copyright ¬© #Quanglinhvlogs",22684,459635,1079
w2iawqLnk24,UCdnBdcPkmvEU_JK3_SFDxtw,2024-05-04T11:00:48Z,"Team Huy·ªÅn Tho·∫°i || Nh·∫£y L√≤ C√≤ Truy·ªÅn N∆∞·ªõc Tr√™n X√† Ph√≤ng, Ai L√† Ng∆∞·ªùi C√≥ C√∫ Ng√£ ƒê·∫πp Nh·∫•t ü§£ü§£ü§£","‚ñ∫ Mua √Åo C·ªßa Team Ch√¢u Phi : https://shopee.vn/quanglinhstore
‚ñ∫ Mua N∆∞·ªõc Hoa T·∫°i: https://www.facebook.com/quanglinhstore
Li√™n H·ªá ƒê√≥ng G√≥p √ù Ki·∫øn Cho Nh√≥m
‚ñ∫ Zalo Angola : +244 949028888 ( Ph·∫°m Quang Linh )
‚ñ∫ Zalo Vi·ªát Nam : +84 986881994 ( Tr·∫ßn Ch√≠ T√¢m )
‚ñ∫ Mail: pqlmmo@gmail.com
‚ñ∫ FanPage Ch√≠nh Ch·ªß: https://www.facebook.com/QuangLinhVlogss
‚ñ∫ FaceBook C√° Nh√¢n : https://www.facebook.com/PhamQuangLinh1997Vlogs

‚ñ∫ C·∫£m ∆°n c√°c b·∫°n ƒë√£ xem clip c·ªßa t√¥i. H√£y nh·∫•n ƒëƒÉng k√Ω ƒë·ªÉ ·ªßng h·ªô m√¨nh nh√© !
‚ñ∫ K√™nh h·ª©a h·∫πn s·∫Ω t·∫°o ra nh·ªØng Video hay nh·∫•t cho c√°c b·∫°n xem !
C·∫£m ∆°n c√°c b·∫°n ƒë√£ xem. T√¥i y√™u c√°c b·∫°n r·∫•t nhi·ªÅu !
#TeamCh√¢uphi  #quanglinhvlogs #lindo

‚ú™ Copyright ¬© #Quanglinhvlogs",16266,250384,1791
l6XBhme6z5c,UCdnBdcPkmvEU_JK3_SFDxtw,2024-05-25T11:00:44Z,Team Huy·ªÅn Tho·∫°i || Ai S·∫Ω Tr·ªü Th√†nh Vua N√© Tr√°nh??? C√°c C√¢y H√†i S·∫Øp Th√†nh Th·∫°o Ti·∫øng Vi·ªát.,"‚ñ∫ Mua √Åo C·ªßa Team Ch√¢u Phi : https://shopee.vn/quanglinhstore
‚ñ∫ Mua N∆∞·ªõc Hoa T·∫°i: https://www.facebook.com/quanglinhstore
Li√™n H·ªá ƒê√≥ng G√≥p √ù Ki·∫øn Cho Nh√≥m
‚ñ∫ Zalo Angola : +244 949028888 ( Ph·∫°m Quang Linh )
‚ñ∫ Zalo Vi·ªát Nam : +84 986881994 ( Tr·∫ßn Ch√≠ T√¢m )
‚ñ∫ Mail: pqlmmo@gmail.com
‚ñ∫ FanPage Ch√≠nh Ch·ªß: https://www.facebook.com/QuangLinhVlogss
‚ñ∫ FaceBook C√° Nh√¢n : https://www.facebook.com/PhamQuangLinh1997Vlogs

‚ñ∫ C·∫£m ∆°n c√°c b·∫°n ƒë√£ xem clip c·ªßa t√¥i. H√£y nh·∫•n ƒëƒÉng k√Ω ƒë·ªÉ ·ªßng h·ªô m√¨nh nh√© !
‚ñ∫ K√™nh h·ª©a h·∫πn s·∫Ω t·∫°o ra nh·ªØng Video hay nh·∫•t cho c√°c b·∫°n xem !
C·∫£m ∆°n c√°c b·∫°n ƒë√£ xem. T√¥i y√™u c√°c b·∫°n r·∫•t nhi·ªÅu !
#TeamCh√¢uphi  #quanglinhvlogs #lindo

‚ú™ Copyright ¬© #Quanglinhvlogs",10172,122221,474
_HIpiVLlWUI,UCdnBdcPkmvEU_JK3_SFDxtw,2024-05-08T11:00:34Z,Team Huy·ªÅn Tho·∫°i || 1001 T∆∞ Th·∫ø ƒê·ªôc L·∫° Khi Tham Gia Th·ª≠ Th√°ch M·∫∑c Qu·∫ßn Kh√¥ng D√πng Tay ü§£ü§£,"‚ñ∫ Mua √Åo C·ªßa Team Ch√¢u Phi : https://shopee.vn/quanglinhstore
‚ñ∫ Mua N∆∞·ªõc Hoa T·∫°i: https://www.facebook.com/quanglinhstore
Li√™n H·ªá ƒê√≥ng G√≥p √ù Ki·∫øn Cho Nh√≥m
‚ñ∫ Zalo Angola : +244 949028888 ( Ph·∫°m Quang Linh )
‚ñ∫ Zalo Vi·ªát Nam : +84 986881994 ( Tr·∫ßn Ch√≠ T√¢m )
‚ñ∫ Mail: pqlmmo@gmail.com
‚ñ∫ FanPage Ch√≠nh Ch·ªß: https://www.facebook.com/QuangLinhVlogss
‚ñ∫ FaceBook C√° Nh√¢n : https://www.facebook.com/PhamQuangLinh1997Vlogs

‚ñ∫ C·∫£m ∆°n c√°c b·∫°n ƒë√£ xem clip c·ªßa t√¥i. H√£y nh·∫•n ƒëƒÉng k√Ω ƒë·ªÉ ·ªßng h·ªô m√¨nh nh√© !
‚ñ∫ K√™nh h·ª©a h·∫πn s·∫Ω t·∫°o ra nh·ªØng Video hay nh·∫•t cho c√°c b·∫°n xem !
C·∫£m ∆°n c√°c b·∫°n ƒë√£ xem. T√¥i y√™u c√°c b·∫°n r·∫•t nhi·ªÅu !
#TeamCh√¢uphi  #quanglinhvlogs #lindo

‚ú™ Copyright ¬© #Quanglinhvlogs",14225,177172,1130
OgLQOlzEr1o,UCdnBdcPkmvEU_JK3_SFDxtw,2024-05-11T11:00:16Z,Team Huy·ªÅn Tho·∫°i || Th·ª≠ Th√°ch ƒÇn X√∫c X√≠ch B·∫±ng Ch√¢n -Mi·∫øng ƒÇn T·ªõi Mi·ªáng C√≤n Tu·ªôt M·∫•t ü§£ü§£,"‚ñ∫ Mua √Åo C·ªßa Team Ch√¢u Phi : https://shopee.vn/quanglinhstore
‚ñ∫ Mua N∆∞·ªõc Hoa T·∫°i: https://www.facebook.com/quanglinhstore
Li√™n H·ªá ƒê√≥ng G√≥p √ù Ki·∫øn Cho Nh√≥m
‚ñ∫ Zalo Angola : +244 949028888 ( Ph·∫°m Quang Linh )
‚ñ∫ Zalo Vi·ªát Nam : +84 986881994 ( Tr·∫ßn Ch√≠ T√¢m )
‚ñ∫ Mail: pqlmmo@gmail.com
‚ñ∫ FanPage Ch√≠nh Ch·ªß: https://www.facebook.com/QuangLinhVlogss
‚ñ∫ FaceBook C√° Nh√¢n : https://www.facebook.com/PhamQuangLinh1997Vlogs

‚ñ∫ C·∫£m ∆°n c√°c b·∫°n ƒë√£ xem clip c·ªßa t√¥i. H√£y nh·∫•n ƒëƒÉng k√Ω ƒë·ªÉ ·ªßng h·ªô m√¨nh nh√© !
‚ñ∫ K√™nh h·ª©a h·∫πn s·∫Ω t·∫°o ra nh·ªØng Video hay nh·∫•t cho c√°c b·∫°n xem !
C·∫£m ∆°n c√°c b·∫°n ƒë√£ xem. T√¥i y√™u c√°c b·∫°n r·∫•t nhi·ªÅu !
#TeamCh√¢uphi  #quanglinhvlogs #lindo

‚ú™ Copyright ¬© #Quanglinhvlogs",14454,184724,1058
